{
  "benchmark": "aeossp_standard",
  "cases": [
    {
      "case_id": "case_0001",
      "case_seed": 1051,
      "horizon_hours": 12,
      "norad_catalog_ids": [
        28051,
        32783,
        37387,
        38012,
        38038,
        39019,
        39084,
        39418,
        40013,
        40053,
        41556,
        42920,
        42988,
        42990,
        43111,
        43259,
        43260,
        43262,
        48079,
        48268,
        52912
      ],
      "num_satellites": 21,
      "num_tasks": 1037,
      "path": "cases/test/case_0001",
      "satellite_sensor_mix": {
        "infrared": 4,
        "visible": 17
      },
      "split": "test",
      "task_sensor_mix": {
        "infrared": 104,
        "visible": 933
      },
      "task_source_mix": {
        "background": 518,
        "city": 519
      },
      "task_weight_summary": {
        "max": 5.0,
        "mean": 2.766635,
        "min": 1.0
      }
    },
    {
      "case_id": "case_0002",
      "case_seed": 2060,
      "horizon_hours": 12,
      "norad_catalog_ids": [
        28051,
        28649,
        32783,
        33396,
        35681,
        36795,
        37387,
        38012,
        38038,
        38755,
        39019,
        39084,
        39418,
        40013,
        40053,
        40072,
        40118,
        40894,
        42063,
        42767,
        42920,
        42988,
        42990,
        42991,
        43111,
        43259,
        43260,
        43262,
        43461,
        43484,
        44622,
        44804,
        44819,
        48079,
        48268,
        49070,
        52912,
        60989
      ],
      "num_satellites": 38,
      "num_tasks": 1399,
      "path": "cases/test/case_0002",
      "satellite_sensor_mix": {
        "infrared": 8,
        "visible": 30
      },
      "split": "test",
      "task_sensor_mix": {
        "infrared": 140,
        "visible": 1259
      },
      "task_source_mix": {
        "background": 699,
        "city": 700
      },
      "task_weight_summary": {
        "max": 5.0,
        "mean": 2.776269,
        "min": 1.0
      }
    },
    {
      "case_id": "case_0003",
      "case_seed": 3069,
      "horizon_hours": 12,
      "norad_catalog_ids": [
        28649,
        32783,
        33396,
        35681,
        36795,
        38038,
        38755,
        39084,
        40053,
        40072,
        40697,
        41556,
        41599,
        41727,
        41772,
        41948,
        42063,
        42767,
        42992,
        43111,
        43260,
        43262,
        43461,
        44804,
        49070
      ],
      "num_satellites": 25,
      "num_tasks": 1115,
      "path": "cases/test/case_0003",
      "satellite_sensor_mix": {
        "infrared": 5,
        "visible": 20
      },
      "split": "test",
      "task_sensor_mix": {
        "infrared": 111,
        "visible": 1004
      },
      "task_source_mix": {
        "background": 557,
        "city": 558
      },
      "task_weight_summary": {
        "max": 5.0,
        "mean": 2.723767,
        "min": 1.0
      }
    },
    {
      "case_id": "case_0004",
      "case_seed": 4078,
      "horizon_hours": 12,
      "norad_catalog_ids": [
        28051,
        28649,
        35681,
        36795,
        38038,
        39150,
        40118,
        40697,
        41727,
        41877,
        42990,
        43260,
        43262,
        43461,
        43484,
        44622,
        44804,
        44819,
        48079,
        48268,
        49260,
        57654
      ],
      "num_satellites": 22,
      "num_tasks": 1944,
      "path": "cases/test/case_0004",
      "satellite_sensor_mix": {
        "infrared": 4,
        "visible": 18
      },
      "split": "test",
      "task_sensor_mix": {
        "infrared": 194,
        "visible": 1750
      },
      "task_source_mix": {
        "background": 972,
        "city": 972
      },
      "task_weight_summary": {
        "max": 5.0,
        "mean": 2.725823,
        "min": 1.0
      }
    },
    {
      "case_id": "case_0005",
      "case_seed": 5087,
      "horizon_hours": 12,
      "norad_catalog_ids": [
        28051,
        32783,
        36795,
        38755,
        39019,
        39084,
        39150,
        40013,
        40053,
        40072,
        40697,
        41556,
        41599,
        41601,
        41727,
        41772,
        41877,
        41948,
        42063,
        42767,
        42920,
        42988,
        43111,
        43259,
        43260,
        43262,
        43461,
        44819,
        48079,
        48268,
        49260,
        52912,
        57654,
        60989
      ],
      "num_satellites": 34,
      "num_tasks": 1401,
      "path": "cases/test/case_0005",
      "satellite_sensor_mix": {
        "infrared": 7,
        "visible": 27
      },
      "split": "test",
      "task_sensor_mix": {
        "infrared": 140,
        "visible": 1261
      },
      "task_source_mix": {
        "background": 700,
        "city": 701
      },
      "task_weight_summary": {
        "max": 5.0,
        "mean": 2.75232,
        "min": 1.0
      }
    }
  ],
  "example_smoke_case": "test/case_0001",
  "source": {
    "celestrak": {
      "kind": "vendored_subset",
      "snapshot_epoch_utc": "2026-04-14T00:00:00Z",
      "url": "https://celestrak.org/NORAD/elements/gp.php?GROUP=resource&FORMAT=tle"
    },
    "natural_earth_land": {
      "kind": "natural_earth_geojson",
      "url": "https://raw.githubusercontent.com/nvkelso/natural-earth-vector/master/geojson/ne_110m_land.geojson"
    },
    "world_cities": {
      "kind": "geonames_dump",
      "url": "https://download.geonames.org/export/dump/cities15000.zip"
    }
  },
  "splits": {
    "test": {
      "case_count": 5,
      "case_seed_stride": 1009,
      "seed": 42
    }
  }
}
